Company,Job Title,Application Link,Date Applied
Federato,Machine Learning Engineer,https://jobs.lever.co/Federato/ca664080-ae5b-4cac-88f9-137d3d9f0c78/apply?source=LinkedIn,2025-02-06 03:50:59
Federato,Machine Learning Engineer,https://jobs.lever.co/Federato/ca664080-ae5b-4cac-88f9-137d3d9f0c78/apply?source=LinkedIn,2025-02-06 03:52:17
Federato,Machine Learning Engineer,https://jobs.lever.co/Federato/ca664080-ae5b-4cac-88f9-137d3d9f0c78/apply?source=LinkedIn,2025-02-06 04:30:08
Federato,Machine Learning Engineer,https://jobs.lever.co/Federato/ca664080-ae5b-4cac-88f9-137d3d9f0c78/apply?source=LinkedIn,2025-02-06 04:31:42
Federato,Machine Learning Engineer,https://jobs.lever.co/Federato/ca664080-ae5b-4cac-88f9-137d3d9f0c78/apply?source=LinkedIn,2025-02-06 04:33:11
Federato,Machine Learning Engineer,https://jobs.lever.co/Federato/ca664080-ae5b-4cac-88f9-137d3d9f0c78/apply?source=LinkedIn,2025-02-06 04:34:21
Federato,Machine Learning Engineer,https://jobs.lever.co/Federato/ca664080-ae5b-4cac-88f9-137d3d9f0c78/apply?source=LinkedIn,2025-02-06 04:42:18
Federato,Machine Learning Engineer,https://jobs.lever.co/Federato/ca664080-ae5b-4cac-88f9-137d3d9f0c78/apply?source=LinkedIn,2025-02-06 04:45:23
Federato,Machine Learning Engineer,https://jobs.lever.co/Federato/ca664080-ae5b-4cac-88f9-137d3d9f0c78/apply?source=LinkedIn,2025-02-06 04:47:12
Federato,Machine Learning Engineer,https://jobs.lever.co/Federato/ca664080-ae5b-4cac-88f9-137d3d9f0c78/apply?source=LinkedIn,2025-02-06 04:55:36
Federato,Machine Learning Engineer,https://jobs.lever.co/Federato/ca664080-ae5b-4cac-88f9-137d3d9f0c78/apply?source=LinkedIn,2025-02-06 04:56:15
Federato,Machine Learning Engineer,https://jobs.lever.co/Federato/ca664080-ae5b-4cac-88f9-137d3d9f0c78/apply?source=LinkedIn,2025-02-06 04:56:50
Federato,Machine Learning Engineer,https://jobs.lever.co/Federato/ca664080-ae5b-4cac-88f9-137d3d9f0c78/apply?source=LinkedIn,2025-02-06 05:23:58
Federato,Machine Learning Engineer,https://jobs.lever.co/Federato/ca664080-ae5b-4cac-88f9-137d3d9f0c78/apply?source=LinkedIn,2025-02-06 05:24:29
Federato,Machine Learning Engineer,https://jobs.lever.co/Federato/ca664080-ae5b-4cac-88f9-137d3d9f0c78/apply?source=LinkedIn,2025-02-06 05:31:12,Failed
Federato,Machine Learning Engineer,https://jobs.lever.co/Federato/ca664080-ae5b-4cac-88f9-137d3d9f0c78/apply?source=LinkedIn,2025-02-06 20:47:44,Failed
Federato,Machine Learning Engineer,https://jobs.lever.co/Federato/ca664080-ae5b-4cac-88f9-137d3d9f0c78/apply?source=LinkedIn,2025-02-06 20:51:24,Failed
Federato,Machine Learning Engineer,https://jobs.lever.co/Federato/ca664080-ae5b-4cac-88f9-137d3d9f0c78/apply?source=LinkedIn,2025-02-06 21:05:33,Failed
Federato,Machine Learning Engineer,https://jobs.lever.co/Federato/ca664080-ae5b-4cac-88f9-137d3d9f0c78/apply?source=LinkedIn,2025-02-07 02:23:33,Failed
Federato,Machine Learning Engineer,https://jobs.lever.co/Federato/ca664080-ae5b-4cac-88f9-137d3d9f0c78/apply?source=LinkedIn,2025-02-07 20:45:32,Failed
Federato,Machine Learning Engineer,https://jobs.lever.co/Federato/ca664080-ae5b-4cac-88f9-137d3d9f0c78/apply?source=LinkedIn,2025-02-07 20:53:34,Failed
Federato,Machine Learning Engineer,https://jobs.lever.co/Federato/ca664080-ae5b-4cac-88f9-137d3d9f0c78/apply?source=LinkedIn,2025-02-07 21:16:42,Failed
Federato,Machine Learning Engineer,https://jobs.lever.co/Federato/ca664080-ae5b-4cac-88f9-137d3d9f0c78/apply?source=LinkedIn,2025-02-07 21:18:20,Failed
Federato,Senior Machine Learning Engineer,https://jobs.lever.co/Federato/7ca318a4-1da1-4f79-ad80-7e65b51aa11b/apply?source=LinkedIn,2025-02-07 21:22:28,Failed
Federato,Machine Learning Engineer,https://jobs.lever.co/Federato/ca664080-ae5b-4cac-88f9-137d3d9f0c78/apply?source=LinkedIn,2025-02-07 21:23:46,Failed
Concurrency,Senior Machine Learning Engineer,https://jobs.lever.co/concurrency/b6883eea-f36f-4082-b184-58395b433e0e/apply?source=LinkedIn,2025-02-11 21:30:35,Failed
Woven by Toyota,"Senior Machine Learning Engineer, Autolabeling",https://jobs.lever.co/woven-by-toyota/0da237aa-d218-4a5e-9bb1-3e2157c5961a/apply?source=LinkedIn,2025-02-11 21:31:51,Failed
Federato,Machine Learning Engineer,https://jobs.lever.co/Federato/ca664080-ae5b-4cac-88f9-137d3d9f0c78/apply,2025-02-12 05:15:38,Failed
Unknown Company,Founding AI Engineer,https://jobs.lever.co/menlovc/2a6345ea-3b7a-4371-be09-4ce647036233,2025-02-12 05:17:42,Failed
Woven by Toyota,"Senior Machine Learning Engineer, Autolabeling",https://jobs.lever.co/woven-by-toyota/0da237aa-d218-4a5e-9bb1-3e2157c5961a/apply,2025-02-12 05:18:55,Failed
Concurrency,Senior Machine Learning Engineer,https://jobs.lever.co/concurrency/b6883eea-f36f-4082-b184-58395b433e0e/apply,2025-02-12 05:20:08,Failed
Federato,Senior Machine Learning Engineer,https://jobs.lever.co/Federato/7ca318a4-1da1-4f79-ad80-7e65b51aa11b/apply,2025-02-12 05:21:18,Failed
Gridmatic,AI Research Scientist,https://jobs.lever.co/gridmatic/91df21b7-9d76-47a1-a88e-35801f801d98,2025-02-12 05:22:35,Failed
Unknown Company,Senior/Staff Software Engineer - Prediction Machine Learning Engineer,https://jobs.lever.co/zoox/f61979b0-eb89-43ad-b11b-544b2d46baa8/apply,2025-02-12 05:23:57,Failed
Federato,Machine Learning Engineer,https://jobs.lever.co/Federato/ca664080-ae5b-4cac-88f9-137d3d9f0c78/apply,2025-02-12 05:26:44,Failed
Unknown Company,Founding AI Engineer,https://jobs.lever.co/menlovc/2a6345ea-3b7a-4371-be09-4ce647036233,2025-02-12 05:28:00,Failed
Woven by Toyota,"Senior Machine Learning Engineer, Autolabeling",https://jobs.lever.co/woven-by-toyota/0da237aa-d218-4a5e-9bb1-3e2157c5961a/apply,2025-02-12 05:29:11,Failed
Concurrency,Senior Machine Learning Engineer,https://jobs.lever.co/concurrency/b6883eea-f36f-4082-b184-58395b433e0e/apply,2025-02-12 05:30:26,Failed
Federato,Machine Learning Engineer,https://jobs.lever.co/Federato/ca664080-ae5b-4cac-88f9-137d3d9f0c78/apply,2025-02-12 21:12:24,Failed
Federato,Machine Learning Engineer,https://jobs.lever.co/Federato/ca664080-ae5b-4cac-88f9-137d3d9f0c78/apply,2025-02-12 21:30:20,Failed
Unknown Company,Founding AI Engineer,https://jobs.lever.co/menlovc/2a6345ea-3b7a-4371-be09-4ce647036233,2025-02-12 21:32:23,Failed
Woven by Toyota,"Senior Machine Learning Engineer, Autolabeling",https://jobs.lever.co/woven-by-toyota/0da237aa-d218-4a5e-9bb1-3e2157c5961a/apply,2025-02-12 21:33:32,Failed
Concurrency,Senior Machine Learning Engineer,https://jobs.lever.co/concurrency/b6883eea-f36f-4082-b184-58395b433e0e/apply,2025-02-12 21:34:40,Failed
Curai,Machine Learning Engineer,https://jobs.lever.co/curai/d0a6aa0d-ab59-4c1a-9140-9b9d7d203a37/apply,2025-02-12 22:41:19,Failed
Entefy,ML Engineer - NLP (Remote Position),https://jobs.lever.co/entefy/25f4bd15-a42a-4f58-b7e9-d1ea40ef67b4/apply,2025-02-12 22:42:35,Failed
Curai,Machine Learning Engineer,https://jobs.lever.co/curai/d0a6aa0d-ab59-4c1a-9140-9b9d7d203a37/apply,2025-02-12 23:05:30,Failed
Entefy,ML Engineer - NLP (Remote Position),https://jobs.lever.co/entefy/25f4bd15-a42a-4f58-b7e9-d1ea40ef67b4/apply,2025-02-12 23:06:38,Failed
Dynamo AI,"Lead Software Engineer, ML Backend",https://jobs.lever.co/dynamoai/dc8e0dd1-e4a8-4c59-aab3-f2f8ac8ef2dc/apply,2025-02-12 23:09:46,Failed
Dynamo AI,Senior Software Engineer – Front-End,https://jobs.lever.co/dynamoai/c769ae25-f04f-49d2-88ca-7d075d24e8a3/apply,2025-02-12 23:12:19,Failed
Dynamo AI,Software Engineer - Testing,https://jobs.lever.co/dynamoai/8b88e1fd-82ad-42bd-95cb-21bcbeb9b2cf/apply,2025-02-12 23:15:16,Failed
Curai,Machine Learning Engineer,https://jobs.lever.co/curai/d0a6aa0d-ab59-4c1a-9140-9b9d7d203a37/apply,2025-02-12 23:19:15,Failed
Curai,Machine Learning Engineer,https://jobs.lever.co/curai/d0a6aa0d-ab59-4c1a-9140-9b9d7d203a37/apply,2025-02-12 23:20:52,Failed
Entefy,ML Engineer - NLP (Remote Position),https://jobs.lever.co/entefy/25f4bd15-a42a-4f58-b7e9-d1ea40ef67b4/apply,2025-02-12 23:22:07,Failed
Unknown Company,Unknown Job Title,https://jobs.lever.co/dynamoai/dc8e0dd1-e4a8-4c59-aab3-f2f8ac8ef2dc/apply,2025-02-12 23:22:58,Failed
Unknown Company,Unknown Job Title,https://jobs.lever.co/dynamoai/c769ae25-f04f-49d2-88ca-7d075d24e8a3/apply,2025-02-12 23:23:28,Failed
